arxiv_id,date,thread,thread_name,category,flagged_math_GM,published_journal_ref,title,authors,url
2606.29294,2026-06-28,A,Spectral / Hilbert–Pólya / operator,math.NT,False,,"Quantum models of the Riemann zeta function, lattice spin models and algebraic models of entanglement",Nikolaj M. Glazunov,https://arxiv.org/abs/2606.29294
2606.24405,2026-06-23,A,Spectral / Hilbert–Pólya / operator,math-ph,False,,On the Berry-Keating Operator,Fabio Bagarello; Sergiusz Kużel,https://arxiv.org/abs/2606.24405
2606.13932,2026-06-11,A,Spectral / Hilbert–Pólya / operator,math-ph,False,Mod. Phys. Lett. A 41(2026)2650075,Krein Space Quantization and a Spectral Interpretation of the Riemann $ξ$-Function,M. V. Takook,https://arxiv.org/abs/2606.13932
2605.30386,2026-05-28,A,Spectral / Hilbert–Pólya / operator,physics.gen-ph,False,,The Saddle Point of Everything,K. Sravan Kumar,https://arxiv.org/abs/2605.30386
2605.22059,2026-05-21,A,Spectral / Hilbert–Pólya / operator,math.GT,False,,Closed geodesics in short intervals for random hyperbolic surfaces,Zeev Rudnick,https://arxiv.org/abs/2605.22059
2605.17296,2026-05-17,A,Spectral / Hilbert–Pólya / operator,math.PR,False,,Zero correlations and averaged fields of orthonormal Gaussian functions,Luís Daniel Abreu; Tomoyuki Shirai,https://arxiv.org/abs/2605.17296
2605.20224,2026-05-13,A,Spectral / Hilbert–Pólya / operator,math.NT,False,,High-Precision Approximation of Riemann Zeros via the Truncated Weil Form,Akiva Groskin,https://arxiv.org/abs/2605.20224
2604.14596,2026-04-16,A,Spectral / Hilbert–Pólya / operator,math.GM,True,,"Prime--Zero Duality: Fractal Geometry, Renormalization-Group Flow, and an Information-Ontological Framework for Number Theory",Zhengqiang Li,https://arxiv.org/abs/2604.14596
2604.12207,2026-04-14,A,Spectral / Hilbert–Pólya / operator,hep-th,False,,Decaying Turbulence and the Riemann Hypothesis: The number theory behind the infinite-time singularity,Alexander Migdal,https://arxiv.org/abs/2604.12207
2603.26507,2026-03-27,A,Spectral / Hilbert–Pólya / operator,math.CV,False,,Integral Means Spectrum for the Random Riemann Zeta Function,Bertrand Duplantier; Véronique Gayrard; Eero Saksman,https://arxiv.org/abs/2603.26507
2603.09719,2026-03-10,A,Spectral / Hilbert–Pólya / operator,math.GM,True,,"On the Critical Line Re(s) = 1/2, the Irrationality Measure of π, and the Automorphic Structure of the Flint Hills Series",Carlos Lopez Zapata,https://arxiv.org/abs/2603.09719
2602.04022,2026-02-03,A,Spectral / Hilbert–Pólya / operator,math.NT,False,,"The Riemann Hypothesis: Past, Present and a Letter Through Time",Alain Connes,https://arxiv.org/abs/2602.04022
2511.11199,2025-11-14,A,Spectral / Hilbert–Pólya / operator,quant-ph,False,,The Riemann Hypothesis Emerges in Dynamical Quantum Phase Transitions,ShiJie Wei; Yue Zhai; Quanfeng Lu; Wentao Yang; Pan Gao; Chao Wei; Junda Song; Franco Nori,https://arxiv.org/abs/2511.11199
2511.06513,2025-11-09,A,Spectral / Hilbert–Pólya / operator,math.NT,False,,On the Ruelle-Mayer Transfer Operators for Hölder Continuous Functions,Alexander Baumgartner,https://arxiv.org/abs/2511.06513
2510.16759,2025-10-19,A,Spectral / Hilbert–Pólya / operator,quant-ph,False,,Successive generation of nontrivial Riemann zeros from a Wu-Sprung type potential,Peter Jaksch,https://arxiv.org/abs/2510.16759
2510.05500,2025-10-07,A,Spectral / Hilbert–Pólya / operator,math.AG,False,,"Fiberwise Gromov-Witten theory, quantum spectra of flag bundles, and prime factorization of integers",Giordano Cotti,https://arxiv.org/abs/2510.05500
2509.21672,2025-09-25,A,Spectral / Hilbert–Pólya / operator,hep-th,False,,An $L$-function Approach to Two-Dimensional Conformal Field Theory,Eric Perlmutter,https://arxiv.org/abs/2509.21672
2508.13882,2025-08-19,A,Spectral / Hilbert–Pólya / operator,math.DS,False,,Standard conjecture D and some conjectures around Weil's Riemann hypothesis,Tuyen Trung Truong,https://arxiv.org/abs/2508.13882
2505.21192,2025-05-27,A,Spectral / Hilbert–Pólya / operator,quant-ph,False,"journal = {Phys. Rev. A},year={2025}, volume = {112},issue = {6}, pages = {L060201}",Hamiltonian with Energy Levels Corresponding to Riemann Zeros,Xingpao Suo,https://arxiv.org/abs/2505.21192
2505.18314,2025-05-23,A,Spectral / Hilbert–Pólya / operator,hep-th,False,,Properties of scalar partition functions of 2d CFTs,Nathan Benjamin; Cyuan-Han Chang; A. Liam Fitzpatrick; Tobi Ramella,https://arxiv.org/abs/2505.18314
2505.05493,2025-05-03,A,Spectral / Hilbert–Pólya / operator,math.OC,False,,"FTNILO: Explicit Multivariate Function Inversion, Optimization and Counting, Cryptography Weakness and Riemann Hypothesis Solution Equation with Tensor Networks",Alejandro Mata Ali,https://arxiv.org/abs/2505.05493
2503.09644,2025-03-12,A,Spectral / Hilbert–Pólya / operator,math.GM,True,,A Majorana Relativistic Quantum Spectral Approach to the Riemann Hypothesis in (1+1)-Dimensional Rindler Spacetimes,Fabrizio Tamburini,https://arxiv.org/abs/2503.09644
2502.01288,2025-02-03,A,Spectral / Hilbert–Pólya / operator,math.NT,False,,On an unconditional $\rm GL_3$ analog of Selberg's result,Qingfeng Sun; Hui Wang,https://arxiv.org/abs/2502.01288
2501.09610,2025-01-16,A,Spectral / Hilbert–Pólya / operator,quant-ph,False,,Elucidating the Physical and Mathematical Properties of the Prouhet-Thue-Morse Sequence in Quantum Computing,Denis Janković; Rémi Pasquier; Jean-Gabriel Hartmann; Paul-Antoine Hervieux,https://arxiv.org/abs/2501.09610
2501.06560,2025-01-11,A,Spectral / Hilbert–Pólya / operator,math.NT,False,,"Knots, primes and class field theory",Alain Connes; Caterina Consani,https://arxiv.org/abs/2501.06560
2412.16317,2024-12-20,A,Spectral / Hilbert–Pólya / operator,math.NA,False,,Computation and properties of the Epstein zeta function with applications to quantum systems,Andreas A. Buchheit; Jonathan Busse; Ruben Gutendorf,https://arxiv.org/abs/2412.16317
2412.11130,2024-12-15,A,Spectral / Hilbert–Pólya / operator,math.GM,True,,Investigation about a statement equivalent to Riemann Hypothesis (RH),Giovanni Lodone,https://arxiv.org/abs/2412.11130
2410.17158,2024-10-22,A,Spectral / Hilbert–Pólya / operator,math.NT,False,,Zeros of $L$-functions in families near the critical line,Valentin Blomer; Jesse Thorner,https://arxiv.org/abs/2410.17158
2408.15135,2024-08-27,A,Spectral / Hilbert–Pólya / operator,math-ph,False,,Nontrivial Riemann Zeros as Spectrum,Enderalp Yakaboylu,https://arxiv.org/abs/2408.15135
2408.01095,2024-08-02,A,Spectral / Hilbert–Pólya / operator,physics.optics,False,"Phys. Rev. B 110, L220201 (2024)",Computing Riemann zeros with light scattering,Sunkyu Yu; Xianji Piao; Namkyoo Park,https://arxiv.org/abs/2408.01095
2405.09158,2024-05-15,A,Spectral / Hilbert–Pólya / operator,math-ph,False,,Spectral zeta function and ground state of quantum Rabi model,Fumio Hiroshima; Tomoyuki Shirai,https://arxiv.org/abs/2405.09158
2404.11902,2024-04-18,A,Spectral / Hilbert–Pólya / operator,math.CA,False,,On the spectrum of a differential operator on a Hilbert-Pólya space,Xian-Jin Li,https://arxiv.org/abs/2404.11902
2404.01003,2024-04-01,A,Spectral / Hilbert–Pólya / operator,math.NT,False,,On the Brun--Titchmarsh theorem. I,Ping Xi; Junren Zheng,https://arxiv.org/abs/2404.01003
2404.00583,2024-03-31,A,Spectral / Hilbert–Pólya / operator,math.GM,True,,"If our chaotic operator is derived correctly, then the Riemann hypothesis holds true",Zeraoulia Rafik; Pedro Caceres,https://arxiv.org/abs/2404.00583
2403.19118,2024-03-28,A,Spectral / Hilbert–Pólya / operator,quant-ph,False,,Non-Abelian observable-geometric phases and the Riemann zeros,Zeqian Chen,https://arxiv.org/abs/2403.19118
2406.12863,2024-03-16,A,Spectral / Hilbert–Pólya / operator,math.GM,True,"IntechOpen, Chaotic Dynamics Derived from the Montgomery Conjecture: Application to Electrical Systems, London, 2025,",Chaotic Dynamics Derived from the Montgomery Conjecture: Application to Electrical Systems,Zeraoulia Rafik; Alvaro Humberto Salas; Ayadi Souad,https://arxiv.org/abs/2406.12863
2403.00713,2024-03-01,A,Spectral / Hilbert–Pólya / operator,hep-th,False,,From spectral to scattering form factor,Massimo Bianchi; Maurizio Firrotta; Jacob Sonnenschein; Dorin Weissman,https://arxiv.org/abs/2403.00713
2402.13082,2024-02-20,A,Spectral / Hilbert–Pólya / operator,math.NT,False,,Heat Expansion and Zeta,Alain Connes,https://arxiv.org/abs/2402.13082
2312.15470,2023-12-24,A,Spectral / Hilbert–Pólya / operator,physics.flu-dyn,False,"Physics of Fluids 36, 095161 (2024)",Quantum Solution of Classical Turbulence. Decaying Energy Spectrum,Alexander Migdal,https://arxiv.org/abs/2312.15470
2311.12493,2023-11-21,A,Spectral / Hilbert–Pólya / operator,quant-ph,False,,Quantum Mechanics on a background modulo observation,Jose A. Pereira Frugone,https://arxiv.org/abs/2311.12493
2406.12852,2023-11-09,A,Spectral / Hilbert–Pólya / operator,math.GM,True,,Analyzing Dynamical Systems Inspired by Montgomery's Conjecture: Insights into Zeta Function Zeros and Chaos in Number Theory,Zeraoulia Rafik; Pedro Caceres,https://arxiv.org/abs/2406.12852
2309.00405,2023-09-01,A,Spectral / Hilbert–Pólya / operator,math-ph,False,J. Phys. A: Math. Theor. 57 235204 (2024),Hamiltonian for the Hilbert-Pólya Conjecture,Enderalp Yakaboylu,https://arxiv.org/abs/2309.00405
2308.11704,2023-08-22,A,Spectral / Hilbert–Pólya / operator,hep-th,False,,What is the Simplest Linear Ramp?,Suman Das; Sumit K. Garg; Chethan Krishnan; Arnab Kundu,https://arxiv.org/abs/2308.11704
2308.06766,2023-08-13,A,Spectral / Hilbert–Pólya / operator,math-ph,False,"Phys. Rev. Lett. 132, 220401 (2024)",Statistics of local level spacings in single- and many-body quantum chaos,Peng Tian; Roman Riser; Eugene Kanzieper,https://arxiv.org/abs/2308.06766
2301.05360,2023-01-13,A,Spectral / Hilbert–Pólya / operator,math-ph,False,,"High-Order SUSY-QM, the Quantum XP Model and zeroes of the Riemann Zeta function",Juan D García-Muñoz; A Raya; Y Concha-S,https://arxiv.org/abs/2301.05360
2211.04382,2022-11-08,A,Spectral / Hilbert–Pólya / operator,hep-th,False,,Supersymmetric quantum mechanics and the Riemann hypothesis,Pushpa Kalauni; Kimball A Milton,https://arxiv.org/abs/2211.04382
2211.01899,2022-11-03,A,Spectral / Hilbert–Pólya / operator,math-ph,False,,Formally Self-Adjoint Hamiltonian for the Hilbert-Pólya Conjecture,Enderalp Yakaboylu,https://arxiv.org/abs/2211.01899
2209.14428,2022-09-28,A,Spectral / Hilbert–Pólya / operator,math.NT,False,,On Pidduck polynomials and zeros of the Riemann zeta function,Ori J. Ganor,https://arxiv.org/abs/2209.14428
2209.13010,2022-09-19,A,Spectral / Hilbert–Pólya / operator,math.GM,True,,Iterating sum of power divisor function and New equivalence to the Riemann hypothesis,Pedro Caceres; Zeraoulia Rafik,https://arxiv.org/abs/2209.13010
2209.07468,2022-09-12,A,Spectral / Hilbert–Pólya / operator,cond-mat.mes-hall,False,J. Stat. Mech. (2023) 023103,Phenomenological formula for Quantum Hall resistivity based on the Riemann zeta function,André LeClair,https://arxiv.org/abs/2209.07468
2207.00727,2022-07-02,A,Spectral / Hilbert–Pólya / operator,gr-qc,False,Phys. Lett. B 833 (2022) 137285,Resolution of challenging problems in quantum cosmology with electromagnetic radiation,S. Jalalzadeh,https://arxiv.org/abs/2207.00727
2204.00899,2022-04-02,A,Spectral / Hilbert–Pólya / operator,math.NT,False,"Journal of Advances in Applied Mathematics, Vol. 2, No. 4, October 2017",On Prime Numbers and The Riemann Zeros,Lucian M. Ionescu,https://arxiv.org/abs/2204.00899
2202.13907,2022-02-28,A,Spectral / Hilbert–Pólya / operator,gr-qc,False,"Annalen der Physik, 202200383 (2022)",Particles in Loop Quantum Gravity formalism: a thermodynamical description,A. A. Araújo Filho,https://arxiv.org/abs/2202.13907
2202.04284,2022-02-09,A,Spectral / Hilbert–Pólya / operator,math.PR,False,,Convergence of random holomorphic functions with real zeros and extensions of the stochastic zeta function,Joseph Najnudel; Ashkan Nikeghbali,https://arxiv.org/abs/2202.04284
2201.12968,2022-01-31,A,Spectral / Hilbert–Pólya / operator,math.NT,False,,A note on log-type GCD sums and derivatives of the Riemann zeta function,Daodao Yang,https://arxiv.org/abs/2201.12968
2112.05500,2021-12-10,A,Spectral / Hilbert–Pólya / operator,math.NT,False,,Prolate spheroidal operator and Zeta,Alain Connes; Henri Moscovici,https://arxiv.org/abs/2112.05500
2109.10844,2021-09-22,A,Spectral / Hilbert–Pólya / operator,math.NT,False,,Hilbert spaces and low-lying zeros of L-functions,Emanuel Carneiro; Andrés Chirre; Micah B. Milinovich,https://arxiv.org/abs/2109.10844
2109.03080,2021-09-07,A,Spectral / Hilbert–Pólya / operator,quant-ph,False,,Using quantum mechanics for calculation of different infinite sums,Petar Mali; Milica Rutonjski; Slobodan Radošević; Milan Pantić; Milica Pavkov-Hrvojević,https://arxiv.org/abs/2109.03080
2106.04644,2021-06-08,A,Spectral / Hilbert–Pólya / operator,math.NT,False,,Existence of a zero-free strip for the Riemann zeta function,Peter Burton,https://arxiv.org/abs/2106.04644
2106.01715,2021-06-03,A,Spectral / Hilbert–Pólya / operator,math.NT,False,,Spectral Triples and Zeta-Cycles,Alain Connes; Caterina Consani,https://arxiv.org/abs/2106.01715
2102.06936,2021-02-13,A,Spectral / Hilbert–Pólya / operator,quant-ph,False,"npj Quantum Information volume 7, Article number: 109 (2021)",Riemann zeros from a periodically-driven trapped ion,Ran He; Ming-Zhong Ai; Jin-Ming Cui; Yun-Feng Huang; Yong-Jian Han; Chuan-Feng Li; Guang-Can Guo; G. Sierra,https://arxiv.org/abs/2102.06936
2607.01184,2026-07-01,B,Random matrix theory & moments,math.NT,False,,"Lower bounds for low moments of character sums, I: Short sums with general multiplicative weights",Adam J. Harper,https://arxiv.org/abs/2607.01184
2606.27323,2026-06-25,B,Random matrix theory & moments,math.NT,False,,Amplified moments of the Riemann zeta function,Benjamin Durkan; Timothy Page,https://arxiv.org/abs/2606.27323
2606.12376,2026-06-10,B,Random matrix theory & moments,math.NT,False,,A note on a conjecture of Ng,Andrew Pearce-Crump,https://arxiv.org/abs/2606.12376
2606.07312,2026-06-05,B,Random matrix theory & moments,math.NT,False,,Connection between the Riemann zeta-function and random matrices via hyperfunctions,Masahiro Mine,https://arxiv.org/abs/2606.07312
2605.24363,2026-05-23,B,Random matrix theory & moments,math.NT,False,,The $θ= \infty$ Conjecture and the Riemann Hypothesis for Automorphic $L$-functions,Anji Dong; Nawapan Wattanawanichkul; Alexandru Zaharescu,https://arxiv.org/abs/2605.24363
2604.03051,2026-04-03,B,Random matrix theory & moments,math-ph,False,,Higher order derivative moments of CUE characteristic polynomials and the Riemann zeta function,Alexander Grover; Francesco Mezzadri; Nick Simm,https://arxiv.org/abs/2604.03051
2603.01711,2026-03-02,B,Random matrix theory & moments,math.NT,False,,Lower bounds for the large deviations and moments of the Riemann zeta function on the critical line,Louis-Pierre Arguin; Nathan Creighton,https://arxiv.org/abs/2603.01711
2603.01318,2026-03-01,B,Random matrix theory & moments,math.CO,False,,Analysis of moments and cumulants in alternating sign matrices,Jean-Christophe Pain,https://arxiv.org/abs/2603.01318
2601.06292,2026-01-09,B,Random matrix theory & moments,math.NT,False,,The discrete second moment of mixed derivatives of the Riemann zeta function,Benjamin Durkan; Christopher Hughes; Andrew Pearce-Crump,https://arxiv.org/abs/2601.06292
2511.18275,2025-11-23,B,Random matrix theory & moments,math.NT,False,,Variations of the Hardy Z-Function and the Montgomery Pair Correlation Conjecture,Yochay Jerby,https://arxiv.org/abs/2511.18275
2511.18118,2025-11-22,B,Random matrix theory & moments,math-ph,False,,Asymptotic analysis of a Family of Painlevé Functions with Applications to CUE Derivative Moments,Thomas Bothner; Fei Wei,https://arxiv.org/abs/2511.18118
2511.14415,2025-11-18,B,Random matrix theory & moments,math.NT,False,,Amplified Fourth Moment of the Riemann Zeta-Function and Applications,Hung M. Bui; Richard R. Hall; Martin Subira Jorge,https://arxiv.org/abs/2511.14415
2511.06109,2025-11-08,B,Random matrix theory & moments,math.NT,False,,Levinson's theorem and its generalization for Dirichlet L-functions,Swapnil Ray,https://arxiv.org/abs/2511.06109
2509.20335,2025-09-24,B,Random matrix theory & moments,math.NT,False,,A survey of moment bounds for $ζ(s)$: from Heath Brown's work to the present,Alexandra Florea,https://arxiv.org/abs/2509.20335
2509.07792,2025-09-09,B,Random matrix theory & moments,math.NT,False,,Integer moments of the derivatives of the Riemann zeta function,Christopher Hughes; Andrew Pearce-Crump,https://arxiv.org/abs/2509.07792
2509.07788,2025-09-09,B,Random matrix theory & moments,math.NT,False,,Complex moments of the derivative of the Riemann zeta function,Christopher Hughes; Andrew Pearce-Crump,https://arxiv.org/abs/2509.07788
2508.20797,2025-08-28,B,Random matrix theory & moments,math-ph,False,"SIGMA 22 (2026), 015, 21 pages",Higher-Order Linear Differential Equations for Unitary Matrix Integrals: Applications and Generalisations,Peter J. Forrester; Fei Wei,https://arxiv.org/abs/2508.20797
2508.01458,2025-08-02,B,Random matrix theory & moments,math.PR,False,,Bulk asymptotics of the Gaussian $β$-ensemble characteristic polynomial,Gaultier Lambert; Elliot Paquette,https://arxiv.org/abs/2508.01458
2507.15184,2025-07-21,B,Random matrix theory & moments,math.NT,False,,An explicit form of Ingham's zero density estimate,Shashi Chourasiya; Aleksander Simonič,https://arxiv.org/abs/2507.15184
2506.22014,2025-06-27,B,Random matrix theory & moments,math.NT,False,,On twisted period functions and Moments of a weighted mean square of Dirichlet L-functions on the critical line,Sebastien Darses; Berend Ringeling; Emmanuel Royer,https://arxiv.org/abs/2506.22014
2506.22634,2025-06-27,B,Random matrix theory & moments,math.NT,False,,A Rigorous Error Bound for the TG Kernel in Prime Counting,Bugra Kilictas; Faruk Alpay,https://arxiv.org/abs/2506.22634
2506.16766,2025-06-20,B,Random matrix theory & moments,math.NT,False,,On the error term of the fourth moment of the Riemann zeta-function,Neea Palojärvi; Tim Trudgian,https://arxiv.org/abs/2506.16766
2506.09334,2025-06-11,B,Random matrix theory & moments,math.NT,False,,Lower bounds for high moments of zeta sums,Zikang Dong; Weijia Wang; Hao Zhang,https://arxiv.org/abs/2506.09334
2505.23573,2025-05-29,B,Random matrix theory & moments,math.NT,False,,A Selberg-type zero-density result for twisted $\rm GL_2$ $L$-functions and its application,Qingfeng Sun; Hui Wang; Yanxue Yu,https://arxiv.org/abs/2505.23573
2503.21682,2025-03-27,B,Random matrix theory & moments,math.NT,False,,Twisted moments of characteristic polynomials of random matrices in the unitary group,Siegfred Baluyot; Brian Conrey,https://arxiv.org/abs/2503.21682
2502.07142,2025-02-11,B,Random matrix theory & moments,math-ph,False,,Moments of characteristic polynomials for classical $β$ ensembles,Bo-Jian Shen; Peter J. Forrester,https://arxiv.org/abs/2502.07142
2412.20099,2024-12-28,B,Random matrix theory & moments,math.NT,False,,The third moment of the logarithm of zeta and a twisted pair correlation conjecture,Alessandro Fazzari; Maxim Gerspach,https://arxiv.org/abs/2412.20099
2411.05573,2024-11-08,B,Random matrix theory & moments,math.NT,False,,The second moment of the Riemann zeta function at its local extrema,Christopher Hughes; Solomon Lugmayer; Andrew Pearce-Crump,https://arxiv.org/abs/2411.05573
2411.05568,2024-11-08,B,Random matrix theory & moments,math.NT,False,,Moments of the Riemann zeta function at its local extrema,Andrew Pearce-Crump,https://arxiv.org/abs/2411.05568
2409.03687,2024-09-05,B,Random matrix theory & moments,math.PR,False,,On moments of the derivative of CUE characteristic polynomials and the Riemann zeta function,Nick Simm; Fei Wei,https://arxiv.org/abs/2409.03687
2408.05306,2024-08-09,B,Random matrix theory & moments,math.NT,False,,The shifted fourth moment of modular form L-functions in the weight aspect,Olga Balkanova; Dmitry Frolenkov,https://arxiv.org/abs/2408.05306
2408.04247,2024-08-08,B,Random matrix theory & moments,math.NT,False,,Shifted second moment of the Riemann zeta function and a Fourier type kernel,Parikshit Dutta; Debashis Ghoshal; Krishnan Rajkumar,https://arxiv.org/abs/2408.04247
2407.20023,2024-07-29,B,Random matrix theory & moments,math.NT,False,,Optimization of the Implicit Constant for Upper Bounds for Moments of the Riemann zeta Function,Tingyu Tao,https://arxiv.org/abs/2407.20023
2407.19233,2024-07-27,B,Random matrix theory & moments,math.PR,False,,Exchangeable arrays and integrable systems for characteristic polynomials of random matrices,Theodoros Assiotis; Mustafa Alper Gunes; Jonathan P. Keating; Fei Wei,https://arxiv.org/abs/2407.19233
2407.14867,2024-07-20,B,Random matrix theory & moments,math.NT,False,,On a level analog of Selberg's result on $S(t)$,Qingfeng Sun; Hui Wang,https://arxiv.org/abs/2407.14867
2407.13124,2024-07-18,B,Random matrix theory & moments,math-ph,False,,Moments of the derivative of the characteristic polynomial of unitary matrices,Emilia Alvarez; Brian Conrey; Michael O. Rubinstein; Nina C. Snaith,https://arxiv.org/abs/2407.13124
2407.14526,2024-07-08,B,Random matrix theory & moments,math.NT,False,,A Random Matrix Model for a Family of Cusp Forms,Owen Barrett; Zoë X. Batterman; Aditya Jambhale; Steven J. Miller; Akash L. Narayanan; Kishan Sharma; Chris Yao,https://arxiv.org/abs/2407.14526
2406.08121,2024-06-12,B,Random matrix theory & moments,math.NT,False,,Moments of derivatives of the Riemann zeta function: Characteristic polynomials and the hybrid formula,Christopher Hughes; Andrew Pearce-Crump,https://arxiv.org/abs/2406.08121
2405.16429,2024-05-26,B,Random matrix theory & moments,math.NT,False,"Modern Math. Meth., 3,1,14-41(2025)",On a Generalized Moment Integral containing Riemann's Zeta Function: Analysis and Experiment,Michael Milgram; Roy Hughes,https://arxiv.org/abs/2405.16429
2405.12506,2024-05-21,B,Random matrix theory & moments,math.NT,False,,Upper bounds for moments of zeta sums,Peng Gao,https://arxiv.org/abs/2405.12506
2405.10888,2024-05-17,B,Random matrix theory & moments,math.NT,False,,The fourth moment of the Hurwitz zeta function,Winston Heap; Anurag Sahay,https://arxiv.org/abs/2405.10888
2405.08725,2024-05-14,B,Random matrix theory & moments,math.NT,False,,Lower bounds for shifted moments of the Riemann zeta function,Michael J. Curran,https://arxiv.org/abs/2405.08725
2403.00902,2024-03-01,B,Random matrix theory & moments,math.NT,False,,Sharp bounds for joint moments of the Riemann zeta function,Michael J. Curran; André Heycock,https://arxiv.org/abs/2403.00902
2401.01057,2024-01-02,B,Random matrix theory & moments,math.NT,False,,A reciprocity relation for the twisted second moment of the Riemman Zeta function,Rizwanur Khan,https://arxiv.org/abs/2401.01057
2312.08482,2023-12-13,B,Random matrix theory & moments,math.NT,False,,Asymptotic second moment of Dirichlet $L$-functions along a thin coset,Bradford Garcia; Matthew P. Young,https://arxiv.org/abs/2312.08482
2311.13441,2023-11-22,B,Random matrix theory & moments,math.NT,False,,"On convergence of points to limiting processes, with an application to zeta zeros",Juan Arias de Reyna; Brad Rodgers,https://arxiv.org/abs/2311.13441
2311.02783,2023-11-05,B,Random matrix theory & moments,math.NT,False,,Multiple integral formulas for weighted zeta moments: the case of the sixth moment,Sébastien Darses; Joseph Najnudel,https://arxiv.org/abs/2311.02783
2310.15918,2023-10-24,B,Random matrix theory & moments,math.NT,False,,On the joint second moment of zeta and its logarithmic derivative,Alessandro Fazzari,https://arxiv.org/abs/2310.15918
2310.09768,2023-10-15,B,Random matrix theory & moments,math.NT,False,,Moments of non-normal number fields -- II,Krishnarjun Krishnamoorthy,https://arxiv.org/abs/2310.09768
2310.14797,2023-10-10,B,Random matrix theory & moments,math.NT,False,"Rev. Mat. Iberoam. 40 (2024), 2179-2202",On the density hypothesis for $L$-functions associated with holomorphic cusp forms,Bin Chen; Gregory Debruyne; Jasson Vindas,https://arxiv.org/abs/2310.14797
2310.03949,2023-10-05,B,Random matrix theory & moments,math.NT,False,,Negative discrete moments of the derivative of the Riemann zeta-function,Hung M. Bui; Alexandra Florea; Micah B. Milinovich,https://arxiv.org/abs/2310.03949
2307.01625,2023-07-04,B,Random matrix theory & moments,math-ph,False,,Joint moments of higher order derivatives of CUE characteristic polynomials I: asymptotic formulae,Jonathan P. Keating; Fei Wei,https://arxiv.org/abs/2307.01625
2304.07581,2023-04-15,B,Random matrix theory & moments,math.NT,False,,Sharp upper bound for the sixth moment of the Riemann zeta function on the critical line,Thi Altenschmidt,https://arxiv.org/abs/2304.07581
2303.02977,2023-03-06,B,Random matrix theory & moments,math.PR,False,"Bernoulli, 2024, 30(4), 2547-2571",Moments of exponential functionals of Lévy processes on a deterministic horizon -- identities and explicit expressions,Zbigniew Palmowski; Hristo Sariev; Mladen Savov,https://arxiv.org/abs/2303.02977
2302.07226,2023-02-14,B,Random matrix theory & moments,math.NT,False,,Negative moments of the Riemann zeta-function,Hung M. Bui; Alexandra Florea,https://arxiv.org/abs/2302.07226
2212.04421,2022-12-08,B,Random matrix theory & moments,math.NT,False,,Implications of subconvexity bounds for the moments of zeta,Kevin Smith,https://arxiv.org/abs/2212.04421
2211.14918,2022-11-27,B,Random matrix theory & moments,math.NT,False,,On the number variance of zeta zeros and a conjecture of Berry,Meghann Moriah Lugar; Micah B. Milinovich; Emily Quesada-Herrera,https://arxiv.org/abs/2211.14918
2211.14625,2022-11-26,B,Random matrix theory & moments,math.NT,False,,On the logarithmic derivative of characteristic polynomials for random unitary matrices,Fan Ge,https://arxiv.org/abs/2211.14625
2211.11450,2022-11-21,B,Random matrix theory & moments,math.NT,False,,Twisted mixed moments of the Riemann zeta function,Javier Pliego,https://arxiv.org/abs/2211.11450
2211.11671,2022-11-21,B,Random matrix theory & moments,math.NT,False,,Currently there are no reasons to doubt the Riemann Hypothesis: The zeta function beyond the realm of computation,David W. Farmer,https://arxiv.org/abs/2211.11671
2210.15321,2022-10-27,B,Random matrix theory & moments,math.NT,False,,Mixed moments of the Riemann zeta function,Javier Pliego,https://arxiv.org/abs/2210.15321
2208.06922,2022-08-14,B,Random matrix theory & moments,math.NT,False,"Mathematika, vol. 69, 2023, no. 4, pp. 1081--1103",Lower bounds for negative moments of $ζ'(ρ)$,Peng Gao; Liangyi Zhao,https://arxiv.org/abs/2208.06922
2207.06287,2022-07-13,B,Random matrix theory & moments,math.NT,False,"Math. Comp. 92 (2023), 1817-1836",On Iwasawa $λ$-invariants for abelian number fields and random matrix heuristics,Daniel Delbourgo; Heiko Knospe,https://arxiv.org/abs/2207.06287
2206.04821,2022-06-10,B,Random matrix theory & moments,math.NT,False,,Moments of zeta and correlations of divisor-sums: stratification and Vandermonde integrals,Siegfred Baluyot; Brian Conrey,https://arxiv.org/abs/2206.04821
2108.13116,2021-08-30,B,Random matrix theory & moments,math.NT,False,,Lower bounds for moments of the derivative of the Riemann zeta function,Peng Gao,https://arxiv.org/abs/2108.13116
2108.09258,2021-08-20,B,Random matrix theory & moments,math.NT,False,,On Montgomery's pair correlation conjecture: a tale of three integrals,Emanuel Carneiro; Vorrapan Chandee; Andrés Chirre; Micah B. Milinovich,https://arxiv.org/abs/2108.09258
2107.02131,2021-07-05,B,Random matrix theory & moments,math.NT,False,,Local Statistics for Zeros of Artin-Schreier L-functions,Alexei Entin; Noam Pirani,https://arxiv.org/abs/2107.02131
2106.03057,2021-06-06,B,Random matrix theory & moments,math.NT,False,,Sharp lower bounds for moments of $ζ'(ρ)$,Peng Gao,https://arxiv.org/abs/2106.03057
2106.00165,2021-06-01,B,Random matrix theory & moments,math.NT,False,,Upper bounds for fractional joint moments of the Riemann zeta function,Michael J. Curran,https://arxiv.org/abs/2106.00165
2103.13542,2021-03-25,B,Random matrix theory & moments,math.NT,False,,Moments of the Hurwitz zeta function on the critical line,Anurag Sahay,https://arxiv.org/abs/2103.13542
2102.08077,2021-02-16,B,Random matrix theory & moments,math.NT,False,,Omega results for cubic field counts via lower-order terms in the one-level density,Peter J. Cho; Daniel Fiorilli; Yoonbok Lee; Anders Södergren,https://arxiv.org/abs/2102.08077
2604.05563,2026-04-07,C,Log-correlated fields / extreme values,math.NT,False,,Partial sums of random multiplicative functions with supercritical divisor twists,Jad Hamdan,https://arxiv.org/abs/2604.05563
2601.02623,2026-01-06,C,Log-correlated fields / extreme values,math.NT,False,,Joint extreme values of the Riemann zeta function at harmonic points,Qiyu Yang; Shengbo Zhao,https://arxiv.org/abs/2601.02623
2510.14309,2025-10-16,C,Log-correlated fields / extreme values,math.NT,False,,Explicit extreme values of the argument of the Riemann zeta-function,Shōta Inoue; Hirotaka Kobayashi; Yuichiro Toma,https://arxiv.org/abs/2510.14309
2506.16115,2025-06-19,C,Log-correlated fields / extreme values,math.NT,False,,Dirichlet $L$-functions on the critical line and multiplicative chaos,Sami Vihko,https://arxiv.org/abs/2506.16115
2405.06474,2024-05-10,C,Log-correlated fields / extreme values,math.NT,False,,The Fyodorov--Hiary--Keating Conjecture on Mesoscopic Intervals,Louis-Pierre Arguin; Jad Hamdan,https://arxiv.org/abs/2405.06474
2404.08575,2024-04-12,C,Log-correlated fields / extreme values,math.PR,False,,Hybrid Statistics of a Random Model of Zeta over Intervals of Varying Length,Christine Chang,https://arxiv.org/abs/2404.08575
2312.12199,2023-12-19,C,Log-correlated fields / extreme values,math.NT,False,,On derivatives of zeta and $L$-functions near the 1-line,Zikang Dong; Yutong Song; Weijia Wang; Hao Zhang,https://arxiv.org/abs/2312.12199
2307.00982,2023-07-03,C,Log-correlated fields / extreme values,math.NT,False,,The Fyodorov-Hiary-Keating Conjecture. II,Louis-Pierre Arguin; Paul Bourgade; Maksym Radziwiłł,https://arxiv.org/abs/2307.00982
2303.06739,2023-03-12,C,Log-correlated fields / extreme values,math.NT,False,,Extreme values of Dirichlet polynomials with multiplicative coefficients,Max Wenqiang Xu; Daodao Yang,https://arxiv.org/abs/2303.06739
2302.08285,2023-02-16,C,Log-correlated fields / extreme values,math.NT,False,"Bull. London Math. Soc. 55 (2023), 2963-2975",A dichotomy for extreme values of zeta and Dirichlet L-functions,Andriy Bondarenko; Pranendu Darbar; Markus Valås Hagen; Winston Heap; Kristian Seip,https://arxiv.org/abs/2302.08285
2301.10634,2023-01-25,C,Log-correlated fields / extreme values,math.NT,False,,Freezing transition and moments of moments of the Riemann zeta function,Michael J. Curran,https://arxiv.org/abs/2301.10634
2202.06799,2022-02-14,C,Log-correlated fields / extreme values,math.NT,False,,Large Deviation Estimates of Selberg's Central Limit Theorem and Applications,Louis-Pierre Arguin; Emma Bailey,https://arxiv.org/abs/2202.06799
2110.14178,2021-10-27,C,Log-correlated fields / extreme values,math.NT,False,,Extreme values of the Dirichlet $L$-functions at the critical points of the Riemann zeta function,Shashank Chorge,https://arxiv.org/abs/2110.14178
2110.04278,2021-10-06,C,Log-correlated fields / extreme values,math.NT,False,,On Large Values of $|ζ(σ+{\rm i}t)|$,Zikang Dong; Bin Wei,https://arxiv.org/abs/2110.04278
2108.07264,2021-08-16,C,Log-correlated fields / extreme values,math.NT,False,"Enseign. Math. 68 (2022), no. 3, 307-340",A model problem for multiplicative chaos in number theory,Kannan Soundararajan; Asif Zaman,https://arxiv.org/abs/2108.07264
2106.15141,2021-06-29,C,Log-correlated fields / extreme values,math-ph,False,,Maxima of log-correlated fields: some recent developments,E. C. Bailey; J. P. Keating,https://arxiv.org/abs/2106.15141
2103.04817,2021-03-08,C,Log-correlated fields / extreme values,math.PR,False,,Maxima of a Random Model of the Riemann Zeta Function over Intervals of Varying Length,Louis-Pierre Arguin; Guillaume Dubach; Lisa Hartung,https://arxiv.org/abs/2103.04817
2606.22562,2026-06-21,D,Positivity & explicit-formula criteria,math.CV,False,,A Colombeau--Beurling criterion for the Riemann hypothesis,Amaury Alvarez Cruz; Esteban A Alvarez Gutierrez,https://arxiv.org/abs/2606.22562
2606.24924,2026-06-20,D,Positivity & explicit-formula criteria,math.GM,True,,"Spectral Riccati--Gamma Concavity, Symmetric Zero Cancellation, and Conditional Criteria for the Riemann Hypothesis",Dragos-Patru Covei,https://arxiv.org/abs/2606.24924
2602.20313,2026-02-23,D,Positivity & explicit-formula criteria,math.CA,False,,On the Pólya Frequency Order of the de Bruijn Newman Kernel. Certified Failure at Order Five and the Toeplitz Threshold Phenomenon,Wojciech Michałowski,https://arxiv.org/abs/2602.20313
2509.18963,2025-09-23,D,Positivity & explicit-formula criteria,math.NT,False,,Note on the positivity of the real part of the log-derivative of the Riemann $ξ$-function near the critical line,Andrius Grigutis; Lukas Turčinskas,https://arxiv.org/abs/2509.18963
2509.10588,2025-09-12,D,Positivity & explicit-formula criteria,math.GM,True,,A Dynamical Criterion Equivalent to the Riemann Hypothesis,Hendrik Wladimir Albrecht Edwin Kuipers,https://arxiv.org/abs/2509.10588
2508.09480,2025-08-13,D,Positivity & explicit-formula criteria,math.NT,False,,An effective version of Chebotarev's density theorem,Sourabhashis Das; Habiba Kadiri; Nathan Ng,https://arxiv.org/abs/2508.09480
2505.23238,2025-05-29,D,Positivity & explicit-formula criteria,math.GM,True,,Beweis der Riemannschen Vermutung über ein reguliertes normiertes Integralmodell,Dennis-Magnus Welz,https://arxiv.org/abs/2505.23238
2504.14563,2025-04-20,D,Positivity & explicit-formula criteria,math.NT,False,,Resolution Of Multiplicative Anomaly Of Zeta Regularization For Polynomials,Efe Gürel,https://arxiv.org/abs/2504.14563
2409.17708,2024-09-26,D,Positivity & explicit-formula criteria,math.NT,False,,Equivalent criteria for the Riemann hypothesis for a general class of $L$-functions,Meghali Garg; Bibekananda Maji,https://arxiv.org/abs/2409.17708
2403.15741,2024-03-23,D,Positivity & explicit-formula criteria,math.NT,False,,On the series expansion of the secondary zeta function,Artur Kawalec,https://arxiv.org/abs/2403.15741
2312.17435,2023-12-29,D,Positivity & explicit-formula criteria,math.NT,False,Can. J. Math.-J. Can. Math. 78 (2026) 508-543,Exponential sums over Möbius convolutions with applications to partitions,Debmalya Basak; Nicolas Robles; Alexandru Zaharescu,https://arxiv.org/abs/2312.17435
2312.00108,2023-11-30,D,Positivity & explicit-formula criteria,math.NT,False,,An explicit formula for the zeros of the Riemann zeta function,Eugenio P Balanzario; Daniel Eduardo Cardenas Romero,https://arxiv.org/abs/2312.00108
2311.04347,2023-11-07,D,Positivity & explicit-formula criteria,math.NT,False,,A smooth version of Landaus explicit formula,Eugenio P. Balanzario; Daniel Eduardo Cardenas Romero; Richar Chacon Serna,https://arxiv.org/abs/2311.04347
2305.19665,2023-05-31,D,Positivity & explicit-formula criteria,math.GR,False,,Subgroup growth in free class-$2$-nilpotent groups,Viola Siconolfi; Marlies Vantomme; Christopher Voll,https://arxiv.org/abs/2305.19665
2212.03748,2022-12-07,D,Positivity & explicit-formula criteria,math.GR,False,,Weil zeta functions of group representations over finite fields,Ged Corob Cook; Steffen Kionke; Matteo Vannacci,https://arxiv.org/abs/2212.03748
2211.08973,2022-11-16,D,Positivity & explicit-formula criteria,math.NT,False,"J. Anal. Math. 151 (2023), no. 1, 139-169",Smooth integers and the Dickman $ρ$ function,Ofir Gorodetsky,https://arxiv.org/abs/2211.08973
2211.06255,2022-11-11,D,Positivity & explicit-formula criteria,math.DS,False,Geom. Topol. 29 (2025) 3635-3716,Resonant forms at zero for dissipative Anosov flows,Mihajlo Cekić; Gabriel P. Paternain,https://arxiv.org/abs/2211.06255
2209.10990,2022-09-22,D,Positivity & explicit-formula criteria,math.NT,False,,Polynomial Moments with a weighted Zeta Square measure on the critical line,Sébastien Darses; Erwan Hillion,https://arxiv.org/abs/2209.10990
2209.10522,2022-09-21,D,Positivity & explicit-formula criteria,math.NT,False,,A Prime Power Equation,Timothy Redmond; Charles Ryavec,https://arxiv.org/abs/2209.10522
2206.03682,2022-06-08,D,Positivity & explicit-formula criteria,math.NT,False,,Aspects of the screw function corresponding to the Riemann zeta function,Masatoshi Suzuki,https://arxiv.org/abs/2206.03682
2204.01036,2022-04-03,D,Positivity & explicit-formula criteria,math.NT,False,,From asymptotic to closed forms for the Keiper/Li approach to the Riemann Hypothesis,André Voros,https://arxiv.org/abs/2204.01036
2112.14812,2021-12-29,D,Positivity & explicit-formula criteria,math.NT,False,,Endomorphisms of positive characteristic tori: entropy and zeta function,Keira Gunn; Khoa D. Nguyen; J. C. Saunders,https://arxiv.org/abs/2112.14812
2112.08820,2021-12-16,D,Positivity & explicit-formula criteria,math.NT,False,,"BC-system, absolute cyclotomy and the quantized calculus",Alain Connes; Caterina Consani,https://arxiv.org/abs/2112.08820
2112.04791,2021-12-09,D,Positivity & explicit-formula criteria,math.DG,False,,Kähler-Einstein metrics and Archimedean zeta functions,Robert J. Berman,https://arxiv.org/abs/2112.04791
2102.09941,2021-02-04,D,Positivity & explicit-formula criteria,math.NT,False,,On Congruences for Iterates of the Sum--Power Divisor Function and Conditional Implications for the Riemann Hypothesis,Zeraoulia Rafik; Pedro Caceres,https://arxiv.org/abs/2102.09941
2605.19566,2026-05-19,E,"Zeros: computation, density, zero-free regions",math.NT,False,,On the Goldbach problem with restricted primes,Michael Harm,https://arxiv.org/abs/2605.19566
2604.05733,2026-04-07,E,"Zeros: computation, density, zero-free regions",math.NT,False,,Small gaps between consecutive zeros of the Riemann zeta-function,Shōta Inoue,https://arxiv.org/abs/2604.05733
2604.02960,2026-04-03,E,"Zeros: computation, density, zero-free regions",math.NT,False,,"Large values of $L(σ,χ)$ for subgroups of characters",Pranendu Darbar; Bryce Kerr; Marc Munsch; Igor Shparlinski,https://arxiv.org/abs/2604.02960
2603.25961,2026-03-26,E,"Zeros: computation, density, zero-free regions",math.NT,False,,On a Möbius double sum,Olivier Ramaré; Sebastian Zuniga Alterman,https://arxiv.org/abs/2603.25961
2603.21490,2026-03-23,E,"Zeros: computation, density, zero-free regions",math.NT,False,,Zero-free regions inspired by work of Heath-Brown,Chiara Bellotti; Tim Trudgian; Andrew Yang,https://arxiv.org/abs/2603.21490
2602.14340,2026-02-15,E,"Zeros: computation, density, zero-free regions",math.NT,False,,Minimal zero-free regions for results on primes between consecutive perfect $k$th powers,Ethan Simpson Lee,https://arxiv.org/abs/2602.14340
2601.15610,2026-01-22,E,"Zeros: computation, density, zero-free regions",math.NT,False,,On the Zeros of the Riemann Zeta Function with Two Ordinate Shifts,Ali Ebadi,https://arxiv.org/abs/2601.15610
2512.24230,2025-12-30,E,"Zeros: computation, density, zero-free regions",math.NT,False,,Explicit bounds for the graphicality of the prime gap sequence,Keshav Aggarwal; Robin Frot; Haozhe Gou; Hui Wang,https://arxiv.org/abs/2512.24230
2512.09960,2025-12-09,E,"Zeros: computation, density, zero-free regions",math.GM,True,,Numerical Behavior of the Riemann Zeta Function Using Real-to-Complex Conversion Without Gram Points or Bracketing,Jacob Orellana Real,https://arxiv.org/abs/2512.09960
2511.20059,2025-11-25,E,"Zeros: computation, density, zero-free regions",math.NT,False,,Zeta Zeros on the Critical Line,Daniel A. Goldston; Ade Irma Suriajaya,https://arxiv.org/abs/2511.20059
2511.09978,2025-11-13,E,"Zeros: computation, density, zero-free regions",math.NT,False,,A round of Pintz to celebrate oscillations in sums,Daniel R. Johnston; Tim Trudgian,https://arxiv.org/abs/2511.09978
2508.14888,2025-08-20,E,"Zeros: computation, density, zero-free regions",math.NT,False,,Large sieves for $\mathrm{GL}_n$ and applications,Alexandru Pascadi; Jesse Thorner,https://arxiv.org/abs/2508.14888
2508.14938,2025-08-20,E,"Zeros: computation, density, zero-free regions",physics.gen-ph,False,,Equivalence between the pair correlation functions of primes and of spins in a two-dimensional Ising model with randomly distributed competing interactions,Zhidong Zhang,https://arxiv.org/abs/2508.14938
2507.15334,2025-07-21,E,"Zeros: computation, density, zero-free regions",math.NT,False,,Refinements for primes in short arithmetic progressions,Michael Harm,https://arxiv.org/abs/2507.15334
2507.13780,2025-07-18,E,"Zeros: computation, density, zero-free regions",math.NT,False,,On the connection between zero-free regions and the error term in the Prime Number Theorem,Frederik Broucke,https://arxiv.org/abs/2507.13780
2507.06823,2025-07-09,E,"Zeros: computation, density, zero-free regions",math.NT,False,,Pair Correlation Conjecture for the zeros of the Riemann zeta-function II: The Alternative Hypothesis,Daniel A. Goldston; Junghun Lee; Jordan Schettler; Ade Irma Suriajaya,https://arxiv.org/abs/2507.06823
2506.19319,2025-06-24,E,"Zeros: computation, density, zero-free regions",math.NT,False,,New zero-free regions for Dedekind zeta-functions at small and large ordinates,Sourabhashis Das; Swati Gaba; Ethan Simpson Lee; Aditi Savalia; Peng-Jie Wong,https://arxiv.org/abs/2506.19319
2505.23795,2025-05-26,E,"Zeros: computation, density, zero-free regions",math.NT,False,,The Error in a Smooth Weighted Prime Number Formula and Zero-free Regions for the Riemann Zeta Function,Songlin Han,https://arxiv.org/abs/2505.23795
2503.24275,2025-03-31,E,"Zeros: computation, density, zero-free regions",math.GM,True,,Davenport-Heilbronn Function Ratio Properties and Non-Trivial Zeros Study,Tao Liu; Juhao Wu,https://arxiv.org/abs/2503.24275
2503.15449,2025-03-19,E,"Zeros: computation, density, zero-free regions",math.NT,False,,Pair Correlation Conjecture for the Zeros of the Riemann Zeta-function I: Simple and Critical Zeros,Daniel Alan Goldston; Junghun Lee; Jordan Schettler; Ade Irma Suriajaya,https://arxiv.org/abs/2503.15449
2502.20569,2025-02-27,E,"Zeros: computation, density, zero-free regions",math.NT,False,,Pair correlation: Variations on a theme,William D. Banks,https://arxiv.org/abs/2502.20569
2502.05106,2025-02-07,E,"Zeros: computation, density, zero-free regions",math.NT,False,,Fourier optimization and pair correlation problems,Mithun Kumar Das; Tolibjon Ismoilov; Antonio Pedro Ramos,https://arxiv.org/abs/2502.05106
2501.16779,2025-01-28,E,"Zeros: computation, density, zero-free regions",math.NT,False,,"New exponent pairs, zero density estimates, and zero additive energy estimates: a systematic approach",Terence Tao; Tim Trudgian; Andrew Yang,https://arxiv.org/abs/2501.16779
2412.02068,2024-12-03,E,"Zeros: computation, density, zero-free regions",math.NT,False,,An explicit version of Carlson's theorem,Shashi Chourasiya,https://arxiv.org/abs/2412.02068
2411.19762,2024-11-29,E,"Zeros: computation, density, zero-free regions",math.NT,False,"Math. Ann. 394, 43 (2026)","Pair Correlation of zeros of Dirichlet $L$-Functions: A possible path towards the conjectures of Chowla, Elliott-Halberstam and Montgomery",Neelam Kandhil; Alessandro Languasco; Pieter Moree,https://arxiv.org/abs/2411.19762
2411.19259,2024-11-28,E,"Zeros: computation, density, zero-free regions",math.NT,False,,Maximal order for divisor functions and zeros of the Riemann zeta-function,Hirotaka Akatsuka,https://arxiv.org/abs/2411.19259
2411.01385,2024-11-03,E,"Zeros: computation, density, zero-free regions",math.NT,False,,Optimal Cosine Polynomials for Riemann Zeta Zero-Free Region,Hong Sheng Tan,https://arxiv.org/abs/2411.01385
2410.04506,2024-10-06,E,"Zeros: computation, density, zero-free regions",math.NT,False,,"Voronoi summation formulas, oscillations of Riesz sums, and Ramanujan-Guinand and Cohen type identities",Shashank Charge; Atul Dixit,https://arxiv.org/abs/2410.04506
2409.10051,2024-09-16,E,"Zeros: computation, density, zero-free regions",math.NT,False,,On zero-density estimates for Beurling zeta functions,Frederik Broucke,https://arxiv.org/abs/2409.10051
2409.05761,2024-09-09,E,"Zeros: computation, density, zero-free regions",math.NT,False,,Asymptotics for smooth numbers in short intervals,Khalid Younis,https://arxiv.org/abs/2409.05761
2408.09099,2024-08-17,E,"Zeros: computation, density, zero-free regions",math.FA,False,,Construction of irregular complete interpolation sets for shift-invariant spaces,Kumari Priyanka; A. Antony Selvan,https://arxiv.org/abs/2408.09099
2408.01610,2024-08-03,E,"Zeros: computation, density, zero-free regions",math.NT,False,,Sifting for small split primes of an imaginary quadratic field in a given ideal class,Louis M. Gaudet,https://arxiv.org/abs/2408.01610
2407.14656,2024-07-19,E,"Zeros: computation, density, zero-free regions",math.NT,False,,On the Pair Correlation of Zeros of $L$-Functions for Non-CM Newforms in Shifted Ranges,Di Liu; Clayton Williams; Alexandru Zaharescu,https://arxiv.org/abs/2407.14656
2405.20552,2024-05-31,E,"Zeros: computation, density, zero-free regions",math.NT,False,,New large value estimates for Dirichlet polynomials,Larry Guth; James Maynard,https://arxiv.org/abs/2405.20552
2404.05928,2024-04-09,E,"Zeros: computation, density, zero-free regions",math.NT,False,,A note on trigonometric polynomials for lower bounds of $ζ(s)$,Nicol Leong; Michael J. Mossinghoff,https://arxiv.org/abs/2404.05928
2403.13157,2024-03-19,E,"Zeros: computation, density, zero-free regions",math.NT,False,,A note on zero density results implying large value estimates for Dirichlet polynomials,Kaisa Matomäki; Joni Teräväinen,https://arxiv.org/abs/2403.13157
2310.16518,2023-10-25,E,"Zeros: computation, density, zero-free regions",math.NT,False,"Bulletin of the Australian Mathematical Society 110 (2024), pp. 252 -- 261",A note on the zeros of $L$-functions associated to fixed-order Dirichlet characters,C. C. Corrigan,https://arxiv.org/abs/2310.16518
2310.01913,2023-10-03,E,"Zeros: computation, density, zero-free regions",math.NT,False,,Fourier optimization and Montgomery's pair correlation conjecture,Emanuel Carneiro; Micah B. Milinovich; Antonio Pedro Ramos,https://arxiv.org/abs/2310.01913
2310.04544,2023-09-30,E,"Zeros: computation, density, zero-free regions",math.NT,False,,A remark on density theorems for Riemann's zeta-function,Janos Pintz,https://arxiv.org/abs/2310.04544
2306.09102,2023-06-15,E,"Zeros: computation, density, zero-free regions",math.NT,False,"Int. J. Number Theory 21 (2025), no. 02, 289-316",The Average Number of Goldbach Representations and Zero-Free Regions of the Riemann Zeta-Function,Keith Billington; Maddie Cheng; Jordan Schettler; Ade Irma Suriajaya,https://arxiv.org/abs/2306.09102
2306.04799,2023-06-07,E,"Zeros: computation, density, zero-free regions",math.NT,False,"Acta Arith. 214 (2024), 357-376",An unconditional Montgomery Theorem for Pair Correlation of Zeros of the Riemann Zeta Function,Siegfred Alan C. Baluyot; Daniel Alan Goldston; Ade Irma Suriajaya; Caroline L. Turnage-Butterbaugh,https://arxiv.org/abs/2306.04799
2301.03165,2023-01-09,E,"Zeros: computation, density, zero-free regions",math.NT,False,,Explicit bounds on $ζ(s)$ in the critical strip and a zero-free region,Andrew Yang,https://arxiv.org/abs/2301.03165
2212.06867,2022-12-13,E,"Zeros: computation, density, zero-free regions",math.NT,False,,Explicit zero-free regions for the Riemann zeta-function,Michael J. Mossinghoff; Timothy S. Trudgian; Andrew Yang,https://arxiv.org/abs/2212.06867
2211.10074,2022-11-18,E,"Zeros: computation, density, zero-free regions",math.NT,False,,More Zero-Free Regions for Fractional Hypergeometric Zeta Functions,Demessie Ergabus Birmechu; Hunduma Legesse Geleta,https://arxiv.org/abs/2211.10074
2211.08716,2022-11-16,E,"Zeros: computation, density, zero-free regions",math.NT,False,"Acta Arith. 207 (2023), 365-391",On zero-density estimates and the PNT in short intervals for Beurling generalized numbers,Frederik Broucke; Gregory Debruyne,https://arxiv.org/abs/2211.08716
2211.00260,2022-11-01,E,"Zeros: computation, density, zero-free regions",math.NT,False,"Bull. Aust. Math. Soc., vol. 108, 2023, no. 2, pp. 224--235",Zero-Density Theorems for Families of Dirichlet $L$-functions,C. C. Corrigan; L. Zhao,https://arxiv.org/abs/2211.00260
2210.15782,2022-10-27,E,"Zeros: computation, density, zero-free regions",math.NT,False,Alg. Number Th. 19 (2025) 1621-1635,Extending the unconditional support in an Iwaniec-Luo-Sarnak family,Lucile Devin; Daniel Fiorilli; Anders Södergren,https://arxiv.org/abs/2210.15782
2210.14130,2022-10-25,E,"Zeros: computation, density, zero-free regions",math.NT,False,,Trigonometric inequalities and the Riemann zeta-function,Pace P. Nielsen,https://arxiv.org/abs/2210.14130
2209.03462,2022-09-07,E,"Zeros: computation, density, zero-free regions",math.NT,False,,The Zero Density Theorem for the Rankin-Selberg L-function and its applications,Zhining Wei,https://arxiv.org/abs/2209.03462
2209.01689,2022-09-04,E,"Zeros: computation, density, zero-free regions",math.NT,False,,The Carlson-type zero-density theorem for the Beurling zeta function,Szilárd Gy. Révész,https://arxiv.org/abs/2209.01689
2208.10786,2022-08-23,E,"Zeros: computation, density, zero-free regions",math.NT,False,,"Functional equation, upper bounds and analogue of Lindelöf hypothesis for the Barnes double zeta function",Takashi Miyagawa,https://arxiv.org/abs/2208.10786
2207.00665,2022-07-01,E,"Zeros: computation, density, zero-free regions",math.NT,False,,The method of Pintz for the Ingham question about the connection of distribution of $ζ$-zeros and order of the error in the PNT in the Beurling context,Szilárd Gy. Révész,https://arxiv.org/abs/2207.00665
2206.11729,2022-06-23,E,"Zeros: computation, density, zero-free regions",math.NT,False,,Half-isolated zeros and zero-density estimates,James Maynard; Kyle Pratt,https://arxiv.org/abs/2206.11729
2206.02654,2022-06-06,E,"Zeros: computation, density, zero-free regions",math.NT,False,,Zero-free regions of the Riemann zeta function and approximation in weighted Dirichlet spaces,Eva Gallardo-Gutiérrez; Daniel Seco,https://arxiv.org/abs/2206.02654
2205.06503,2022-05-13,E,"Zeros: computation, density, zero-free regions",math.NT,False,"Res. Number Theory 8 (2022), article number: 71",The Prime Number Theorem and Pair Correlation of Zeros of the Riemann Zeta-Function,D. A. Goldston; Ade Irma Suriajaya,https://arxiv.org/abs/2205.06503
2204.01980,2022-04-05,E,"Zeros: computation, density, zero-free regions",math.NT,False,,Some explicit estimates for the error term in the prime number theorem,Daniel R. Johnston; Andrew Yang,https://arxiv.org/abs/2204.01980
2110.11463,2021-10-21,E,"Zeros: computation, density, zero-free regions",math.NT,False,"Mathematica Pannonica New Series 27 /NS 1/ (2021) 2, 204-232",A Riemann-von Mangoldt-type formula for the distribution of Beurling primes,Szilárd Gy. Révész,https://arxiv.org/abs/2110.11463
2107.13636,2021-07-28,E,"Zeros: computation, density, zero-free regions",math.NT,False,,A note on the mean values of the derivatives of $ζ'/ζ$,Andrés Chirre,https://arxiv.org/abs/2107.13636
2104.10243,2021-04-20,E,"Zeros: computation, density, zero-free regions",math.NT,False,,Zeros of higher derivatives of Riemann zeta function,Mithun Kumar Das; Sudhir Pujahari,https://arxiv.org/abs/2104.10243
2605.30767,2026-05-29,F,General RH / critical line / large values,math.AP,False,,Musings on the Riemann Hypothesis,Ali Nadim,https://arxiv.org/abs/2605.30767
2605.03665,2026-05-05,F,General RH / critical line / large values,math.NT,False,,Joint extreme values of $L$-functions on and off the critical line,Athanasios Sourmelidis,https://arxiv.org/abs/2605.03665
2604.15396,2026-04-16,F,General RH / critical line / large values,math.GM,True,,A new equivalence to the Riemann Hypothesis by means of the Salem integral equation,Benito J. González; Emilio R. Negrín,https://arxiv.org/abs/2604.15396
2604.11941,2026-04-13,F,General RH / critical line / large values,math.NT,False,,Simultaneous non-vanishing of Dirichlet L-functions,Hung M. Bui; Alexandra Florea; Micah B. Milinovich,https://arxiv.org/abs/2604.11941
2604.00693,2026-04-01,F,General RH / critical line / large values,math.CV,False,,Identification of L-functions in the extended Selberg class by preimages of finite sets,Arpita Kundu; Abhijit Banerjee,https://arxiv.org/abs/2604.00693
2603.28104,2026-03-30,F,General RH / critical line / large values,math.NT,False,,Zeta Zeros in a Narrow Vertical Box,Daniel A. Goldston; Ade Irma Suriajaya,https://arxiv.org/abs/2603.28104
2603.08587,2026-03-09,F,General RH / critical line / large values,math.GM,True,,"Informational Cardinality: A Unifying Framework for Set Theory, Fractal Geometry, and Analytic Number Theory",Zhengqiang Li,https://arxiv.org/abs/2603.08587
2603.05122,2026-03-05,F,General RH / critical line / large values,math.GM,True,,Analysis of the Riemann Zeta Function via Recursive Taylor Expansions,Yunwei Bai,https://arxiv.org/abs/2603.05122
2602.05614,2026-02-05,F,General RH / critical line / large values,math.NT,False,,A new improved explicit estimate for $ζ\left( 1/2+it\right)$,Michael Revers,https://arxiv.org/abs/2602.05614
2601.22413,2026-01-29,F,General RH / critical line / large values,math.NT,False,,The Riemann Hypothesis in Oaxaca,Carlos Segovia,https://arxiv.org/abs/2601.22413
2601.16193,2026-01-22,F,General RH / critical line / large values,math.NT,False,,"Density-based structural frameworks for prime numbers, prime gaps, and Euler products",Gregorio Vettori,https://arxiv.org/abs/2601.16193
2601.11052,2026-01-16,F,General RH / critical line / large values,math.NT,False,,On a relation to the Riemann Hypothesis and an analytic part for the divisor function,Hideto Iwata,https://arxiv.org/abs/2601.11052
2512.19761,2025-12-20,F,General RH / critical line / large values,math.GM,True,,Some Series Related to Extended Riemann Hypothesis for Dedekind Zeta Functions,Muhammad Atif Zaheer,https://arxiv.org/abs/2512.19761
2512.12374,2025-12-13,F,General RH / critical line / large values,math.NT,False,,On the Riemann Hypothesis for Drinfeld Modules,Giacomo Micheli,https://arxiv.org/abs/2512.12374
2512.03297,2025-12-02,F,General RH / critical line / large values,math.NT,False,,Mean values of the Riemann zeta function at shifted zeros under the Riemann Hypothesis,Ramūnas Garunkštis; Julija Paliulionytė,https://arxiv.org/abs/2512.03297
2511.13496,2025-11-17,F,General RH / critical line / large values,math.GM,True,,Asymmetry and the Riemann Hypothesis,Walid Oukil,https://arxiv.org/abs/2511.13496
2511.06729,2025-11-10,F,General RH / critical line / large values,math.AG,False,,Riemann Hypothesis for Non-Abelian Zeta Functions of Genus 2 Curves,Shi Zhan,https://arxiv.org/abs/2511.06729
2509.21518,2025-09-25,F,General RH / critical line / large values,math.NT,False,,Some series equivalent to the extended Riemann hypothesis for Dedekind zeta functions,Vincent Nguyen,https://arxiv.org/abs/2509.21518
2509.16240,2025-09-16,F,General RH / critical line / large values,math.DS,False,,Off Critical Zeros Contradict Contraction in the Dynamical Reformulation of the Riemann Hypothesis,Hendrik Wladimir Albrecht Edwin Kuipers,https://arxiv.org/abs/2509.16240
2509.09771,2025-09-11,F,General RH / critical line / large values,math.NT,False,,Large values of Dirichlet polynomials with multiplicative coefficients,Zikang Dong; Yutong Song; Weijia Wang; Hao Zhang; Shengbo Zhao,https://arxiv.org/abs/2509.09771
2509.06248,2025-09-08,F,General RH / critical line / large values,math.NT,False,,On Hardy's $Z$-function and its derivatives associated with the extended Selberg class,Hirotaka Kobayashi,https://arxiv.org/abs/2509.06248
2508.11108,2025-08-14,F,General RH / critical line / large values,math.NT,False,,Short mollifiers of the Riemann zeta-function,J. Brian Conrey; David W. Farmer; Chung-Hang Kwan; Yongxiao Lin; Caroline L. Turnage-Butterbaugh,https://arxiv.org/abs/2508.11108
2507.18121,2025-07-24,F,General RH / critical line / large values,math.NT,False,,Number Field Analogue of Jacobi Theta Relation And Zeros of Dedekind zeta function on Re$(s)=1/2$,Diksha Rani Bansal; Bibekananda Maji,https://arxiv.org/abs/2507.18121
2507.04150,2025-07-05,F,General RH / critical line / large values,math.NT,False,,Selberg's Central Limit Theorem weighted by Linear Statistics of Zeta Zeros,Alessandro Fazzari; Maxim Gerspach; Paolo Minelli,https://arxiv.org/abs/2507.04150
2507.03625,2025-07-04,F,General RH / critical line / large values,math.FA,False,,On the dynamics of a semigroup and its relation with the Riemann Hypothesis,Carlos F. Álvarez; Juan Manzur,https://arxiv.org/abs/2507.03625
2504.17032,2025-04-23,F,General RH / critical line / large values,math.NT,False,,Omega Results for The Divisor and Circle Problems Using The Resonance Method,Kamalakshya Mahatab,https://arxiv.org/abs/2504.17032
2503.07410,2025-03-10,F,General RH / critical line / large values,math.NT,False,,"Large value estimates in number theory, harmonic analysis, and computer science",Larry Guth,https://arxiv.org/abs/2503.07410
2502.09091,2025-02-13,F,General RH / critical line / large values,math.CV,False,,On uniqueness of functions in the extended Selberg class with moving targets,Jun Wang; Qiongyan Wang; Xiao Yao,https://arxiv.org/abs/2502.09091
2501.14545,2025-01-24,F,General RH / critical line / large values,math.NT,False,,Pair Correlation of Zeros of the Riemann Zeta Function I: Proportions of Simple Zeros and Critical Zeros,Siegfred Alan C. Baluyot; Daniel Alan Goldston; Ade Irma Suriajaya; Caroline L. Turnage-Butterbaugh,https://arxiv.org/abs/2501.14545
2501.10220,2025-01-17,F,General RH / critical line / large values,math.NT,False,,Murmurations and Sato-Tate Conjectures for High Rank Zetas of Elliptic Curves II: Beyond Riemann Hypothesis,Zhan Shi; Lin Weng,https://arxiv.org/abs/2501.10220
2412.00169,2024-11-29,F,General RH / critical line / large values,math.GM,True,,Investigation about a statement equivalent to Riemann Hypothesis (RH) applied to Dirichlet primitive L functions,Giovanni Lodone,https://arxiv.org/abs/2412.00169
2411.18492,2024-11-27,F,General RH / critical line / large values,math.NT,False,,The Epstein zeta-function contains a positive proportion of non-trivial zeros on the critical line,I. S. Rezvyakova,https://arxiv.org/abs/2411.18492
2411.05095,2024-11-07,F,General RH / critical line / large values,math.NT,False,,Fourier optimization and consequences of the generalized Riemann hypothesis,Emily Quesada-Herrera,https://arxiv.org/abs/2411.05095
2411.02232,2024-11-04,F,General RH / critical line / large values,math.CV,False,,Two-loop Loewner potentials,Yan Luo; Sid Maibach,https://arxiv.org/abs/2411.02232
2409.19790,2024-09-29,F,General RH / critical line / large values,cs.AI,False,,Analysis on Riemann Hypothesis with Cross Entropy Optimization and Reasoning,Kevin Li; Fulu Li,https://arxiv.org/abs/2409.19790
2408.13292,2024-08-23,F,General RH / critical line / large values,physics.gen-ph,False,,Proof of Riemann hypothesis by topological and analytical methods,Farhad Ghaboussi,https://arxiv.org/abs/2408.13292
2408.00187,2024-07-31,F,General RH / critical line / large values,math.NT,False,,A method for verifying the generalized Riemann hypothesis,Ghaith Hiary; Summer Ireland; Megan Kyi,https://arxiv.org/abs/2408.00187
2407.18859,2024-07-26,F,General RH / critical line / large values,math.NT,False,,A Tauberian characterization of the Riemann hypothesis through the floor function,Benoit Cloitre,https://arxiv.org/abs/2407.18859
2407.00060,2024-06-16,F,General RH / critical line / large values,math.GM,True,,Sandwiching the Riemann hypothesis,R. C. McPhedran,https://arxiv.org/abs/2407.00060
2405.18940,2024-05-29,F,General RH / critical line / large values,math.CA,False,,Brenke polynomials with real zeros and the Riemann Hypothesis,Antonio J. Durán,https://arxiv.org/abs/2405.18940
2405.05834,2024-05-09,F,General RH / critical line / large values,math.DS,False,,The Riemann hypothesis and dynamics of Backtracking New Q-Newton's method,Thuan Quang Tran; Tuyen Trung Truong,https://arxiv.org/abs/2405.05834
2404.19647,2024-04-30,F,General RH / critical line / large values,math.NT,False,,Character Sums and the Riemann Hypothesis,Brian Conrey,https://arxiv.org/abs/2404.19647
2404.06642,2024-04-09,F,General RH / critical line / large values,math.NT,False,,Modulus representation of the Riemann $ξ$ function and polynomial inequalities equivalent to the Riemann hypothesis,Wei Sun,https://arxiv.org/abs/2404.06642
2404.06306,2024-04-09,F,General RH / critical line / large values,math.GM,True,,Disproof of the Riemann Hypothesis,Dasheng Liu,https://arxiv.org/abs/2404.06306
2403.05347,2024-03-08,F,General RH / critical line / large values,math.GM,True,,Attempting to Prove the Riemann Hypothesis through the Reflection Formula,Farid Kenas,https://arxiv.org/abs/2403.05347
2401.07635,2024-01-15,F,General RH / critical line / large values,math.NT,False,,Riemann's hypothesis via Robin's Theorem,Dmitri Martila; Stefan Groote,https://arxiv.org/abs/2401.07635
2312.08011,2023-12-13,F,General RH / critical line / large values,math.NT,False,,Discrete $Ω$-results for the Riemann zeta function,Paolo Minelli; Athanasios Sourmelidis,https://arxiv.org/abs/2312.08011
2311.10285,2023-11-17,F,General RH / critical line / large values,math.NT,False,,Zeros of linear combinations of Dirichlet $L$-functions on the critical line,Jérémy Dousselin,https://arxiv.org/abs/2311.10285
2307.07272,2023-07-14,F,General RH / critical line / large values,math.NT,False,,Extreme values of the Dedekind zeta function on the critical line,Patrick Nyadjo Fonga,https://arxiv.org/abs/2307.07272
2307.06002,2023-07-12,F,General RH / critical line / large values,math.NT,False,,On off-critical zeros of lattice energies in the neighborhood of the Riemann zeta function,Laurent Bétermin; Ladislav Šamaj; Igor Travěnec,https://arxiv.org/abs/2307.06002
2307.02027,2023-07-05,F,General RH / critical line / large values,math.NT,False,,A probabilistic interpretation for central zeros of $L$-functions in the Selberg class,Takashi Nakamura; Masatoshi Suzuki,https://arxiv.org/abs/2307.02027
2307.01001,2023-07-03,F,General RH / critical line / large values,math.NT,False,,On the Zeta functions of supersingular isogeny graphs and modular curves,Antonio Lei; Katharina Müller,https://arxiv.org/abs/2307.01001
2303.10157,2023-03-16,F,General RH / critical line / large values,quant-ph,False,"Phys. Rev. A 108, 042404 (2023)",Identifying primes from entanglement dynamics,A. L. M. Southier; L. F. Santos; P. H. Souto Ribeiro; A. D. Ribeiro,https://arxiv.org/abs/2303.10157
2301.09053,2023-01-22,F,General RH / critical line / large values,math.NT,False,,Large values of the error term in the prime number theorem,Bryce Kerr,https://arxiv.org/abs/2301.09053
2212.12337,2022-12-02,F,General RH / critical line / large values,math.GM,True,Ann Math Phys 6(1): 075-082 (2023),Analyzing Riemann's hypothesis,Mercedes Orus-Lacort; Roman Orus; Christophe Jouis,https://arxiv.org/abs/2212.12337
2208.08421,2022-08-17,F,General RH / critical line / large values,math.NT,False,,A weighted one-level density of the non-trivial zeros of the Riemann zeta-function,Sandro Bettin; Alessandro Fazzari,https://arxiv.org/abs/2208.08421
2208.08121,2022-08-17,F,General RH / critical line / large values,cond-mat.stat-mech,False,"Physical Review E 107, 014209 (2023)",Scale free chaos in the confined Vicsek flocking model,R. González-Albaladejo; A. Carpio; L. L. Bonilla,https://arxiv.org/abs/2208.08121
2208.06141,2022-08-12,F,General RH / critical line / large values,math.NT,False,,New explicit bounds for Mertens function and the reciprocal of the Riemann zeta-function,Ethan S. Lee; Nicol Leong,https://arxiv.org/abs/2208.06141
2205.00811,2022-05-02,F,General RH / critical line / large values,math.GM,True,,100% of the zeros of $ζ(s)$ are on the critical line,Shekhar Suman,https://arxiv.org/abs/2205.00811
2203.16086,2022-03-30,F,General RH / critical line / large values,math.NT,False,,A note on the large values of $|ζ^{(\ell)}(1+{\rm i}t)|$,Zikang Dong; Bin Wei,https://arxiv.org/abs/2203.16086
2202.12126,2022-02-24,F,General RH / critical line / large values,math.NT,False,"Proc. Amer. Math. Soc. 151 (2023), 1855-1866",Zeros of derivatives of $L$-functions in the Selberg class on $\Re(s)<1/2$,Sneha Chaubey; Suraj Singh Khurana; Ade Irma Suriajaya,https://arxiv.org/abs/2202.12126
2110.09368,2021-10-18,F,General RH / critical line / large values,math.NT,False,,Interplay between critical and off-critical zeros of two-dimensional Epstein zeta functions,Laurent Bétermin; Ladislav Šamaj; Igor Travěnec,https://arxiv.org/abs/2110.09368
2110.03293,2021-10-07,F,General RH / critical line / large values,math.NT,False,,On the distribution of large values of $|ζ(1+{\rm i}t)|$,Zikang Dong,https://arxiv.org/abs/2110.03293
2110.03288,2021-10-07,F,General RH / critical line / large values,math.NT,False,,On the Distribution of large values of $|ζ(σ+{\rm i}t)|$,Zikang Dong,https://arxiv.org/abs/2110.03288
2106.06915,2021-06-13,F,General RH / critical line / large values,math.NT,False,,The inverse Riemann zeta function,Artur Kawalec,https://arxiv.org/abs/2106.06915
2106.03354,2021-06-07,F,General RH / critical line / large values,cs.LG,False,,AI without networks,Partha P Mitra; Clément Sire,https://arxiv.org/abs/2106.03354
2105.07422,2021-05-16,F,General RH / critical line / large values,math.NT,False,,Zeros of Dirichlet $L$-functions on the critical line,Keiju Sono,https://arxiv.org/abs/2105.07422
2104.07119,2021-04-14,F,General RH / critical line / large values,math.NT,False,,Multidimensional scaling and visualization of patterns in distribution of nontrivial zeros of the zeta-function,José Tenreiro Machado; Yuri Luchko,https://arxiv.org/abs/2104.07119
2103.05986,2021-03-10,F,General RH / critical line / large values,math.NT,False,,Explicit Interval Estimates for Prime Numbers,Michaela Cully-Hugill; Ethan S. Lee,https://arxiv.org/abs/2103.05986
2101.02771,2021-01-07,F,General RH / critical line / large values,math.NT,False,,Strong multiplicity one for the Selberg class,Michael Farmer,https://arxiv.org/abs/2101.02771
